,temp,time
0,11.524999999999999,1586548497.6604483
1,10.850000000000001,1586548513.581044
