,temp,time
0,63.836600000000004,1585667569.3365898
1,63.836600000000004,1585667585.2569888
2,63.836600000000004,1585667601.1769392
